State,Case number,Vehicle count,Person count
District of Columbia,110001,1,1
District of Columbia,110002,1,1
District of Columbia,110003,2,2
District of Columbia,110004,1,1
District of Columbia,110005,2,2
District of Columbia,110006,2,1
District of Columbia,110007,1,1
District of Columbia,110008,2,2
District of Columbia,110009,2,2
District of Columbia,110010,1,1
District of Columbia,110011,2,11
District of Columbia,110012,1,1
District of Columbia,110013,1,1
District of Columbia,110014,1,1
District of Columbia,110015,1,1
District of Columbia,110016,1,1
District of Columbia,110017,2,2
District of Columbia,110018,1,1
District of Columbia,110019,1,1
District of Columbia,110020,1,2
District of Columbia,110021,2,3
District of Columbia,110022,1,1
District of Columbia,110023,7,6
District of Columbia,110024,1,3
District of Columbia,110025,4,6
District of Columbia,110026,1,1
Maryland,240001,2,2
Maryland,240002,1,1
Maryland,240003,1,2
Maryland,240004,3,4
Maryland,240005,1,2
Maryland,240006,1,1
Maryland,240007,3,4
Maryland,240008,1,1
Maryland,240009,2,2
Maryland,240010,1,2
Maryland,240011,1,1
Maryland,240012,2,4
Maryland,240013,2,5
Maryland,240014,1,1
Maryland,240015,1,1
Maryland,240016,1,1
Maryland,240017,2,2
Maryland,240018,2,2
Maryland,240019,1,4
Maryland,240020,1,1
Maryland,240021,1,3
Maryland,240022,2,5
Maryland,240023,1,1
Maryland,240024,1,1
Maryland,240025,2,2
Maryland,240026,1,1
Maryland,240027,1,1
Maryland,240028,2,4
Maryland,240029,1,2
Maryland,240030,2,2
Maryland,240031,1,1
Maryland,240032,2,3
Maryland,240033,3,8
Maryland,240034,1,1
Maryland,240035,1,2
Maryland,240036,1,1
Maryland,240037,1,1
Maryland,240038,1,1
Maryland,240039,1,1
Maryland,240040,2,2
Maryland,240041,1,4
Maryland,240042,2,3
Maryland,240043,1,1
Maryland,240044,9,10
Maryland,240045,1,2
Maryland,240046,4,5
Maryland,240047,1,1
Maryland,240048,1,1
Maryland,240049,2,3
Maryland,240050,1,1
Maryland,240051,2,2
Maryland,240052,1,1
Maryland,240053,1,1
Maryland,240054,1,1
Maryland,240055,2,2
Maryland,240056,4,4
Maryland,240057,2,5
Maryland,240058,2,3
Maryland,240059,1,2
Maryland,240060,3,3
Maryland,240061,1,1
Maryland,240062,1,1
Maryland,240063,1,1
Maryland,240064,1,2
Maryland,240065,2,2
Maryland,240066,2,2
Maryland,240067,2,3
Maryland,240068,1,1
Maryland,240069,1,1
Maryland,240070,1,1
Maryland,240071,1,1
Maryland,240072,1,1
Maryland,240073,4,3
Maryland,240074,1,2
Maryland,240075,1,1
Maryland,240076,2,2
Maryland,240077,1,1
Maryland,240078,2,3
Maryland,240079,1,2
Maryland,240080,2,5
Maryland,240081,1,1
Maryland,240082,1,1
Maryland,240083,2,2
Maryland,240084,1,1
Maryland,240085,2,2
Maryland,240086,2,2
Maryland,240087,4,5
Maryland,240088,1,1
Maryland,240089,1,5
Maryland,240090,2,2
Maryland,240091,1,3
Maryland,240092,1,1
Maryland,240093,1,1
Maryland,240094,1,1
Maryland,240095,3,4
Maryland,240096,2,2
Maryland,240097,1,2
Maryland,240098,3,2
Maryland,240099,2,2
Maryland,240100,1,1
Maryland,240101,1,1
Maryland,240102,1,1
Maryland,240103,1,1
Maryland,240104,1,1
Maryland,240105,1,2
Maryland,240106,1,1
Maryland,240107,1,2
Maryland,240108,2,2
Maryland,240109,1,2
Maryland,240110,2,2
Maryland,240111,1,1
Maryland,240112,1,1
Maryland,240113,2,2
Maryland,240114,1,1
Maryland,240115,1,1
Maryland,240116,1,1
Maryland,240117,1,3
Maryland,240118,1,1
Maryland,240119,1,1
Maryland,240120,2,2
Maryland,240121,2,2
Maryland,240122,1,2
Maryland,240123,1,3
Maryland,240124,1,2
Maryland,240125,1,1
Maryland,240126,2,1
Maryland,240127,1,3
Maryland,240128,2,1
Maryland,240129,1,1
Maryland,240130,1,2
Maryland,240131,2,3
Maryland,240132,1,1
Maryland,240133,1,2
Maryland,240134,2,2
Maryland,240135,1,1
Maryland,240136,2,2
Maryland,240137,2,3
Maryland,240138,3,3
Maryland,240139,1,2
Maryland,240140,2,9
Maryland,240141,1,3
Maryland,240142,1,1
Maryland,240143,1,1
Maryland,240144,1,1
Maryland,240145,1,3
Maryland,240146,2,3
Maryland,240147,3,11
Maryland,240148,4,7
Maryland,240149,2,9
Maryland,240150,1,1
Maryland,240151,1,1
Maryland,240152,2,3
Maryland,240153,2,2
Maryland,240154,2,5
Maryland,240155,2,1
Maryland,240156,1,4
Maryland,240157,1,3
Maryland,240158,2,2
Maryland,240159,1,1
Maryland,240160,1,1
Maryland,240161,2,1
Maryland,240162,2,1
Maryland,240163,1,1
Maryland,240164,1,1
Maryland,240165,1,1
Maryland,240166,2,2
Maryland,240167,1,1
Maryland,240168,1,1
Maryland,240169,2,2
Maryland,240170,1,1
Maryland,240171,1,4
Maryland,240172,1,4
Maryland,240173,3,3
Maryland,240174,2,4
Maryland,240175,1,3
Maryland,240176,3,2
Maryland,240177,3,4
Maryland,240178,1,1
Maryland,240179,1,1
Maryland,240180,2,5
Maryland,240181,3,4
Maryland,240182,3,4
Maryland,240183,1,1
Maryland,240184,1,1
Maryland,240185,2,2
Maryland,240186,3,3
Maryland,240187,2,5
Maryland,240189,1,1
Maryland,240190,2,2
Maryland,240191,1,1
Maryland,240192,1,1
Maryland,240193,1,2
Maryland,240194,3,3
Maryland,240195,7,10
Maryland,240196,1,1
Maryland,240197,1,2
Maryland,240198,3,8
Maryland,240199,2,3
Maryland,240200,1,1
Maryland,240201,2,3
Maryland,240202,2,2
Maryland,240203,1,2
Maryland,240204,2,2
Maryland,240205,1,1
Maryland,240206,2,2
Maryland,240207,1,1
Maryland,240208,1,1
Maryland,240209,2,2
Maryland,240210,1,1
Maryland,240211,1,1
Maryland,240212,1,1
Maryland,240213,1,2
Maryland,240215,3,6
Maryland,240216,1,1
Maryland,240217,2,1
Maryland,240218,1,2
Maryland,240219,2,2
Maryland,240220,2,2
Maryland,240221,2,4
Maryland,240222,2,2
Maryland,240223,2,2
Maryland,240224,1,1
Maryland,240225,2,2
Maryland,240226,1,1
Maryland,240227,2,3
Maryland,240228,1,1
Maryland,240229,1,1
Maryland,240230,1,1
Maryland,240231,1,2
Maryland,240232,1,1
Maryland,240233,1,1
Maryland,240234,2,2
Maryland,240235,1,1
Maryland,240236,1,1
Maryland,240237,2,2
Maryland,240238,2,2
Maryland,240239,1,1
Maryland,240240,2,2
Maryland,240241,2,2
Maryland,240242,2,2
Maryland,240243,2,7
Maryland,240244,1,1
Maryland,240245,2,2
Maryland,240246,1,1
Maryland,240247,1,1
Maryland,240248,1,4
Maryland,240249,1,3
Maryland,240250,3,5
Maryland,240251,2,3
Maryland,240252,2,3
Maryland,240253,1,3
Maryland,240254,2,2
Maryland,240255,1,2
Maryland,240257,2,2
Maryland,240258,2,4
Maryland,240259,2,2
Maryland,240260,2,3
Maryland,240261,1,1
Maryland,240262,2,2
Maryland,240263,2,5
Maryland,240264,1,1
Maryland,240265,2,4
Maryland,240266,3,3
Maryland,240269,2,2
Maryland,240270,1,1
Maryland,240271,1,2
Maryland,240272,1,1
Maryland,240273,1,1
Maryland,240274,1,1
Maryland,240276,2,2
Maryland,240277,1,3
Maryland,240278,2,6
Maryland,240279,1,1
Maryland,240280,1,1
Maryland,240281,3,3
Maryland,240282,4,8
Maryland,240284,1,1
Maryland,240285,3,5
Maryland,240286,2,5
Maryland,240287,1,3
Maryland,240289,4,5
Maryland,240290,2,2
Maryland,240291,2,1
Maryland,240292,1,1
Maryland,240293,1,1
Maryland,240294,1,1
Maryland,240295,2,2
Maryland,240296,2,2
Maryland,240297,6,1
Maryland,240298,3,7
Maryland,240299,2,5
Maryland,240300,2,2
Maryland,240301,1,1
Maryland,240302,1,1
Maryland,240303,1,1
Maryland,240304,7,9
Maryland,240305,1,2
Maryland,240306,1,2
Maryland,240307,2,2
Maryland,240308,2,1
Maryland,240309,5,3
Maryland,240310,1,1
Maryland,240311,1,1
Maryland,240312,1,1
Maryland,240313,3,3
Maryland,240314,2,4
Maryland,240315,2,2
Maryland,240316,1,1
Maryland,240317,3,4
Maryland,240318,1,1
Maryland,240319,2,4
Maryland,240320,3,2
Maryland,240321,1,1
Maryland,240322,2,3
Maryland,240323,1,1
Maryland,240324,1,1
Maryland,240325,1,1
Maryland,240326,1,1
Maryland,240327,1,1
Maryland,240328,1,1
Maryland,240329,1,1
Maryland,240330,2,2
Maryland,240331,2,3
Maryland,240332,1,2
Maryland,240333,3,5
Maryland,240334,1,1
Maryland,240335,1,1
Maryland,240336,1,1
Maryland,240337,1,1
Maryland,240338,3,5
Maryland,240339,1,1
Maryland,240340,2,2
Maryland,240341,1,1
Maryland,240342,1,2
Maryland,240343,1,2
Maryland,240344,3,3
Maryland,240345,1,1
Maryland,240346,1,1
Maryland,240347,2,2
Maryland,240348,1,1
Maryland,240349,2,2
Maryland,240350,1,1
Maryland,240351,3,1
Maryland,240352,1,1
Maryland,240353,2,1
Maryland,240354,1,2
Maryland,240356,2,2
Maryland,240357,1,1
Maryland,240358,1,1
Maryland,240359,1,1
Maryland,240360,1,3
Maryland,240361,2,2
Maryland,240362,1,1
Maryland,240363,2,3
Maryland,240364,1,1
Maryland,240365,2,2
Maryland,240366,3,4
Maryland,240367,1,2
Maryland,240368,1,2
Maryland,240369,2,2
Maryland,240370,2,2
Maryland,240371,2,2
Maryland,240372,1,3
Maryland,240373,1,1
Maryland,240374,2,2
Maryland,240375,3,5
Maryland,240376,1,1
Maryland,240377,2,3
Maryland,240378,2,2
Maryland,240379,1,1
Maryland,240380,2,3
Maryland,240381,3,4
Maryland,240382,3,3
Maryland,240383,1,2
Maryland,240384,4,4
Maryland,240385,2,3
Maryland,240386,2,3
Maryland,240387,1,1
Maryland,240388,2,2
Maryland,240389,1,1
Maryland,240390,2,3
Maryland,240391,1,1
Maryland,240392,1,1
Maryland,240393,1,4
Maryland,240394,1,1
Maryland,240395,2,3
Maryland,240396,2,5
Maryland,240397,1,1
Maryland,240398,3,3
Maryland,240399,1,1
Maryland,240400,1,1
Maryland,240402,2,3
Maryland,240403,4,6
Maryland,240404,1,1
Maryland,240405,2,7
Maryland,240406,1,3
Maryland,240407,1,1
Maryland,240408,1,1
Maryland,240410,1,1
Maryland,240411,2,2
Maryland,240412,1,1
Maryland,240413,2,3
Maryland,240414,1,2
Maryland,240415,1,2
Maryland,240416,2,3
Maryland,240417,1,1
Maryland,240418,1,2
Maryland,240419,2,2
Maryland,240420,3,3
Maryland,240421,3,1
Maryland,240422,1,1
Maryland,240423,2,2
Maryland,240424,1,1
Maryland,240425,1,1
Maryland,240426,3,7
Maryland,240427,2,2
Maryland,240428,2,2
Maryland,240429,2,2
Maryland,240430,1,1
Maryland,240431,1,1
Maryland,240432,1,1
Maryland,240433,6,2
Maryland,240434,1,1
Maryland,240435,1,1
Maryland,240436,1,1
Maryland,240437,1,1
Maryland,240438,1,1
Maryland,240439,2,2
Maryland,240440,1,1
Maryland,240441,2,2
Maryland,240442,1,2
Maryland,240443,1,1
Maryland,240444,2,2
Maryland,240445,1,2
Maryland,240446,3,7
Maryland,240447,1,2
Maryland,240448,2,2
Maryland,240449,2,5
Maryland,240450,3,3
Maryland,240451,1,3
Maryland,240453,2,3
Maryland,240454,2,7
Maryland,240455,1,4
Maryland,240456,2,3
Maryland,240457,1,1
Maryland,240458,1,1
Maryland,240459,2,2
Maryland,240460,1,1
Maryland,240461,5,5
Maryland,240462,1,1
Maryland,240463,2,2
Maryland,240464,2,2
Maryland,240465,1,1
Maryland,240466,3,3
Maryland,240467,1,1
Maryland,240468,2,2
Maryland,240469,1,1
Maryland,240470,2,4
Maryland,240471,3,7
Maryland,240472,3,1
Maryland,240473,2,2
Maryland,240474,1,1
Maryland,240475,2,2
Maryland,240476,2,2
Maryland,240477,1,1
Maryland,240478,1,2
Maryland,240479,1,1
Maryland,240480,1,2
Maryland,240481,2,2
Maryland,240482,2,4
Maryland,240483,1,1
Maryland,240484,1,1
North Carolina,370001,2,3
North Carolina,370002,1,2
North Carolina,370003,2,3
North Carolina,370004,2,2
North Carolina,370005,1,1
North Carolina,370006,1,2
North Carolina,370007,1,3
North Carolina,370008,1,1
North Carolina,370009,2,4
North Carolina,370010,1,2
North Carolina,370011,1,1
North Carolina,370012,1,1
North Carolina,370013,1,1
North Carolina,370014,2,2
North Carolina,370015,1,2
North Carolina,370016,5,8
North Carolina,370017,1,1
North Carolina,370018,1,3
North Carolina,370019,2,2
North Carolina,370020,2,4
North Carolina,370021,1,3
North Carolina,370022,1,1
North Carolina,370023,1,2
North Carolina,370024,3,8
North Carolina,370025,1,1
North Carolina,370026,2,4
North Carolina,370027,1,2
North Carolina,370028,1,1
North Carolina,370029,2,2
North Carolina,370030,2,2
North Carolina,370031,1,1
North Carolina,370032,1,1
North Carolina,370033,1,2
North Carolina,370034,1,2
North Carolina,370035,2,5
North Carolina,370036,2,4
North Carolina,370037,2,3
North Carolina,370038,1,2
North Carolina,370039,2,2
North Carolina,370040,1,2
North Carolina,370041,2,2
North Carolina,370042,1,1
North Carolina,370043,2,2
North Carolina,370044,1,6
North Carolina,370045,2,5
North Carolina,370046,1,2
North Carolina,370047,1,1
North Carolina,370048,2,3
North Carolina,370049,1,1
North Carolina,370050,1,1
North Carolina,370051,1,1
North Carolina,370052,3,3
North Carolina,370053,1,2
North Carolina,370054,1,1
North Carolina,370055,1,1
North Carolina,370056,2,5
North Carolina,370057,2,2
North Carolina,370058,1,1
North Carolina,370059,3,3
North Carolina,370060,1,1
North Carolina,370061,2,2
North Carolina,370062,1,2
North Carolina,370063,1,1
North Carolina,370064,2,5
North Carolina,370065,1,1
North Carolina,370066,1,3
North Carolina,370067,2,3
North Carolina,370068,1,1
North Carolina,370069,2,2
North Carolina,370070,1,1
North Carolina,370071,1,1
North Carolina,370072,1,1
North Carolina,370073,1,1
North Carolina,370074,2,2
North Carolina,370075,1,1
North Carolina,370076,1,1
North Carolina,370077,1,1
North Carolina,370079,2,3
North Carolina,370080,2,2
North Carolina,370081,2,4
North Carolina,370082,1,1
North Carolina,370083,2,3
North Carolina,370084,1,1
North Carolina,370085,1,3
North Carolina,370086,2,2
North Carolina,370087,1,3
North Carolina,370088,1,1
North Carolina,370089,2,4
North Carolina,370090,1,2
North Carolina,370091,1,1
North Carolina,370092,1,1
North Carolina,370093,2,2
North Carolina,370094,1,1
North Carolina,370095,1,3
North Carolina,370096,2,2
North Carolina,370097,1,3
North Carolina,370098,1,1
North Carolina,370099,2,3
North Carolina,370100,1,1
North Carolina,370101,3,5
North Carolina,370102,2,2
North Carolina,370103,1,1
North Carolina,370104,4,1
North Carolina,370105,1,1
North Carolina,370106,2,4
North Carolina,370107,1,1
North Carolina,370108,2,4
North Carolina,370109,1,1
North Carolina,370110,2,2
North Carolina,370111,1,1
North Carolina,370112,1,2
North Carolina,370113,2,3
North Carolina,370114,1,1
North Carolina,370115,2,4
North Carolina,370116,2,2
North Carolina,370117,3,4
North Carolina,370118,2,3
North Carolina,370119,1,1
North Carolina,370120,1,1
North Carolina,370121,2,2
North Carolina,370122,1,1
North Carolina,370123,1,1
North Carolina,370124,2,2
North Carolina,370125,1,1
North Carolina,370126,1,1
North Carolina,370127,1,1
North Carolina,370128,2,4
North Carolina,370129,2,5
North Carolina,370130,1,1
North Carolina,370131,2,2
North Carolina,370132,1,1
North Carolina,370134,2,2
North Carolina,370135,2,3
North Carolina,370136,1,1
North Carolina,370137,1,1
North Carolina,370138,1,1
North Carolina,370139,1,1
North Carolina,370140,1,2
North Carolina,370141,1,2
North Carolina,370142,1,1
North Carolina,370143,1,2
North Carolina,370144,1,1
North Carolina,370145,1,1
North Carolina,370146,2,2
North Carolina,370147,2,4
North Carolina,370148,1,1
North Carolina,370149,2,4
North Carolina,370150,2,2
North Carolina,370151,2,2
North Carolina,370152,1,1
North Carolina,370153,1,2
North Carolina,370154,1,1
North Carolina,370155,3,5
North Carolina,370156,2,3
North Carolina,370157,2,2
North Carolina,370158,1,2
North Carolina,370159,3,3
North Carolina,370160,1,2
North Carolina,370161,2,2
North Carolina,370162,1,2
North Carolina,370163,4,5
North Carolina,370164,1,1
North Carolina,370165,1,1
North Carolina,370166,1,1
North Carolina,370167,2,2
North Carolina,370168,2,1
North Carolina,370169,1,1
North Carolina,370170,1,1
North Carolina,370171,2,2
North Carolina,370172,2,2
North Carolina,370173,1,1
North Carolina,370174,1,2
North Carolina,370175,1,1
North Carolina,370176,1,1
North Carolina,370177,1,1
North Carolina,370178,1,1
North Carolina,370179,3,5
North Carolina,370180,1,1
North Carolina,370181,1,1
North Carolina,370182,2,3
North Carolina,370183,1,1
North Carolina,370184,1,1
North Carolina,370185,1,1
North Carolina,370186,1,1
North Carolina,370187,1,1
North Carolina,370188,2,2
North Carolina,370189,2,4
North Carolina,370190,2,2
North Carolina,370191,1,1
North Carolina,370192,1,4
North Carolina,370193,3,4
North Carolina,370194,1,1
North Carolina,370195,1,1
North Carolina,370196,1,1
North Carolina,370197,2,2
North Carolina,370198,1,1
North Carolina,370199,1,1
North Carolina,370200,3,4
North Carolina,370201,2,2
North Carolina,370202,2,2
North Carolina,370203,1,1
North Carolina,370204,2,3
North Carolina,370205,1,1
North Carolina,370206,2,3
North Carolina,370207,1,3
North Carolina,370208,1,1
North Carolina,370209,2,2
North Carolina,370210,2,2
North Carolina,370211,2,4
North Carolina,370212,2,5
North Carolina,370213,1,1
North Carolina,370214,1,1
North Carolina,370215,1,1
North Carolina,370216,1,1
North Carolina,370217,3,3
North Carolina,370218,3,3
North Carolina,370219,2,3
North Carolina,370220,1,1
North Carolina,370221,1,1
North Carolina,370222,3,3
North Carolina,370223,1,1
North Carolina,370224,3,4
North Carolina,370225,1,1
North Carolina,370226,3,3
North Carolina,370227,2,2
North Carolina,370228,2,2
North Carolina,370229,1,1
North Carolina,370230,2,2
North Carolina,370231,1,1
North Carolina,370232,1,1
North Carolina,370233,1,1
North Carolina,370234,2,2
North Carolina,370235,1,3
North Carolina,370236,1,1
North Carolina,370237,1,2
North Carolina,370238,2,5
North Carolina,370239,2,4
North Carolina,370240,1,2
North Carolina,370241,1,2
North Carolina,370242,2,2
North Carolina,370243,2,5
North Carolina,370244,1,2
North Carolina,370245,2,2
North Carolina,370246,2,3
North Carolina,370247,2,1
North Carolina,370248,1,2
North Carolina,370249,1,1
North Carolina,370250,1,1
North Carolina,370251,1,4
North Carolina,370252,3,5
North Carolina,370253,1,4
North Carolina,370254,1,1
North Carolina,370255,1,1
North Carolina,370256,2,2
North Carolina,370257,1,1
North Carolina,370258,2,3
North Carolina,370259,2,3
North Carolina,370260,2,2
North Carolina,370261,2,3
North Carolina,370262,2,2
North Carolina,370263,2,2
North Carolina,370264,1,2
North Carolina,370265,2,3
North Carolina,370266,2,6
North Carolina,370267,1,4
North Carolina,370268,2,3
North Carolina,370269,1,1
North Carolina,370270,2,5
North Carolina,370271,3,4
North Carolina,370272,2,4
North Carolina,370273,1,1
North Carolina,370274,1,2
North Carolina,370275,1,2
North Carolina,370276,1,2
North Carolina,370277,2,3
North Carolina,370278,4,4
North Carolina,370279,2,3
North Carolina,370280,1,1
North Carolina,370281,1,5
North Carolina,370282,1,1
North Carolina,370283,1,1
North Carolina,370284,1,1
North Carolina,370285,1,1
North Carolina,370286,2,3
North Carolina,370287,1,3
North Carolina,370288,2,2
North Carolina,370289,1,1
North Carolina,370290,2,2
North Carolina,370291,3,4
North Carolina,370292,2,4
North Carolina,370293,1,1
North Carolina,370294,2,3
North Carolina,370295,2,2
North Carolina,370296,1,1
North Carolina,370297,1,1
North Carolina,370298,2,2
North Carolina,370299,1,1
North Carolina,370300,2,2
North Carolina,370301,1,1
North Carolina,370302,1,1
North Carolina,370303,1,5
North Carolina,370304,1,3
North Carolina,370305,2,2
North Carolina,370306,2,2
North Carolina,370307,1,2
North Carolina,370308,2,3
North Carolina,370309,1,1
North Carolina,370310,1,1
North Carolina,370311,1,1
North Carolina,370312,1,1
North Carolina,370313,1,3
North Carolina,370314,1,1
North Carolina,370315,2,2
North Carolina,370316,1,1
North Carolina,370317,2,3
North Carolina,370318,1,1
North Carolina,370319,1,3
North Carolina,370320,1,1
North Carolina,370321,2,2
North Carolina,370322,1,5
North Carolina,370323,2,2
North Carolina,370324,1,1
North Carolina,370325,1,1
North Carolina,370326,3,4
North Carolina,370327,4,7
North Carolina,370328,3,3
North Carolina,370329,1,2
North Carolina,370330,1,1
North Carolina,370331,1,1
North Carolina,370332,1,3
North Carolina,370333,1,1
North Carolina,370334,1,1
North Carolina,370335,1,2
North Carolina,370336,1,1
North Carolina,370337,1,1
North Carolina,370338,2,6
North Carolina,370339,1,1
North Carolina,370340,2,4
North Carolina,370341,2,3
North Carolina,370342,1,1
North Carolina,370343,1,1
North Carolina,370344,2,2
North Carolina,370345,3,4
North Carolina,370346,3,3
North Carolina,370347,2,2
North Carolina,370348,2,2
North Carolina,370349,2,5
North Carolina,370350,2,3
North Carolina,370352,1,2
North Carolina,370353,1,1
North Carolina,370354,1,1
North Carolina,370355,1,1
North Carolina,370356,3,3
North Carolina,370357,1,2
North Carolina,370358,2,4
North Carolina,370359,2,3
North Carolina,370360,2,2
North Carolina,370361,1,1
North Carolina,370362,1,2
North Carolina,370363,1,2
North Carolina,370364,1,1
North Carolina,370365,1,1
North Carolina,370366,1,1
North Carolina,370367,1,1
North Carolina,370368,1,1
North Carolina,370369,1,2
North Carolina,370370,1,1
North Carolina,370371,2,3
North Carolina,370372,2,2
North Carolina,370373,1,1
North Carolina,370374,1,2
North Carolina,370375,2,3
North Carolina,370376,3,3
North Carolina,370377,2,3
North Carolina,370378,1,3
North Carolina,370379,2,2
North Carolina,370380,2,3
North Carolina,370381,1,3
North Carolina,370383,2,2
North Carolina,370384,1,1
North Carolina,370385,2,2
North Carolina,370386,2,2
North Carolina,370387,1,1
North Carolina,370389,1,1
North Carolina,370390,1,1
North Carolina,370391,2,4
North Carolina,370392,1,1
North Carolina,370393,2,3
North Carolina,370394,2,2
North Carolina,370395,1,2
North Carolina,370396,1,1
North Carolina,370397,1,2
North Carolina,370398,1,1
North Carolina,370399,3,4
North Carolina,370400,1,1
North Carolina,370401,1,3
North Carolina,370402,1,2
North Carolina,370403,1,1
North Carolina,370404,1,1
North Carolina,370405,2,8
North Carolina,370406,1,1
North Carolina,370407,2,2
North Carolina,370408,2,2
North Carolina,370409,1,1
North Carolina,370410,2,2
North Carolina,370411,3,1
North Carolina,370412,2,3
North Carolina,370413,1,1
North Carolina,370414,1,1
North Carolina,370415,2,2
North Carolina,370416,1,1
North Carolina,370417,1,1
North Carolina,370418,1,1
North Carolina,370419,1,1
North Carolina,370420,2,2
North Carolina,370421,2,6
North Carolina,370422,3,3
North Carolina,370423,1,1
North Carolina,370424,1,2
North Carolina,370425,2,2
North Carolina,370426,1,1
North Carolina,370427,2,5
North Carolina,370428,1,1
North Carolina,370429,1,1
North Carolina,370430,1,1
North Carolina,370431,2,4
North Carolina,370432,2,3
North Carolina,370433,2,2
North Carolina,370434,2,4
North Carolina,370435,1,1
North Carolina,370436,2,2
North Carolina,370437,1,1
North Carolina,370438,2,2
North Carolina,370439,1,3
North Carolina,370440,2,2
North Carolina,370441,3,6
North Carolina,370442,1,2
North Carolina,370443,1,1
North Carolina,370444,1,1
North Carolina,370445,2,2
North Carolina,370446,2,4
North Carolina,370447,2,2
North Carolina,370448,2,2
North Carolina,370449,1,1
North Carolina,370450,2,2
North Carolina,370451,1,2
North Carolina,370452,1,2
North Carolina,370453,2,2
North Carolina,370454,2,2
North Carolina,370455,2,4
North Carolina,370456,2,3
North Carolina,370457,1,1
North Carolina,370458,1,1
North Carolina,370459,1,1
North Carolina,370460,1,2
North Carolina,370461,2,2
North Carolina,370462,1,1
North Carolina,370463,2,4
North Carolina,370464,2,3
North Carolina,370465,1,1
North Carolina,370466,1,1
North Carolina,370467,1,1
North Carolina,370468,1,1
North Carolina,370469,2,4
North Carolina,370470,1,1
North Carolina,370471,1,4
North Carolina,370472,1,1
North Carolina,370473,1,2
North Carolina,370474,1,1
North Carolina,370475,1,1
North Carolina,370476,1,2
North Carolina,370477,2,2
North Carolina,370478,1,1
North Carolina,370479,2,2
North Carolina,370480,2,2
North Carolina,370481,1,2
North Carolina,370482,1,3
North Carolina,370483,1,1
North Carolina,370484,1,1
North Carolina,370485,2,3
North Carolina,370486,1,1
North Carolina,370487,1,3
North Carolina,370488,1,1
North Carolina,370489,3,3
North Carolina,370490,2,2
North Carolina,370491,1,1
North Carolina,370492,2,2
North Carolina,370493,1,1
North Carolina,370494,2,2
North Carolina,370495,1,1
North Carolina,370496,2,4
North Carolina,370497,1,1
North Carolina,370498,2,2
North Carolina,370499,2,1
North Carolina,370500,1,2
North Carolina,370501,1,1
North Carolina,370502,2,2
North Carolina,370503,1,2
North Carolina,370504,1,1
North Carolina,370505,2,2
North Carolina,370506,2,3
North Carolina,370507,2,3
North Carolina,370508,2,2
North Carolina,370509,1,1
North Carolina,370510,1,2
North Carolina,370511,2,2
North Carolina,370512,1,1
North Carolina,370513,1,1
North Carolina,370514,1,4
North Carolina,370515,1,1
North Carolina,370516,2,2
North Carolina,370517,1,1
North Carolina,370518,2,5
North Carolina,370519,1,1
North Carolina,370520,2,3
North Carolina,370521,2,3
North Carolina,370522,1,1
North Carolina,370523,2,2
North Carolina,370524,1,1
North Carolina,370525,2,4
North Carolina,370526,1,1
North Carolina,370527,2,5
North Carolina,370528,2,3
North Carolina,370529,2,3
North Carolina,370530,1,2
North Carolina,370531,1,1
North Carolina,370532,3,6
North Carolina,370533,1,1
North Carolina,370534,2,3
North Carolina,370535,1,2
North Carolina,370536,1,2
North Carolina,370537,2,3
North Carolina,370538,2,3
North Carolina,370539,1,2
North Carolina,370540,1,1
North Carolina,370541,1,1
North Carolina,370542,2,3
North Carolina,370543,1,1
North Carolina,370544,2,2
North Carolina,370545,2,4
North Carolina,370546,2,3
North Carolina,370547,2,2
North Carolina,370548,1,1
North Carolina,370549,1,1
North Carolina,370550,1,1
North Carolina,370551,1,4
North Carolina,370552,1,2
North Carolina,370553,2,3
North Carolina,370554,1,1
North Carolina,370555,1,2
North Carolina,370556,1,4
North Carolina,370557,2,3
North Carolina,370558,2,3
North Carolina,370559,1,1
North Carolina,370560,3,3
North Carolina,370561,2,2
North Carolina,370562,2,4
North Carolina,370563,1,2
North Carolina,370564,2,4
North Carolina,370565,4,6
North Carolina,370566,1,1
North Carolina,370567,2,3
North Carolina,370568,2,2
North Carolina,370569,1,1
North Carolina,370570,2,4
North Carolina,370571,1,1
North Carolina,370572,2,3
North Carolina,370573,2,8
North Carolina,370574,1,2
North Carolina,370575,1,2
North Carolina,370576,1,2
North Carolina,370577,1,1
North Carolina,370578,2,3
North Carolina,370579,2,2
North Carolina,370580,2,3
North Carolina,370581,3,5
North Carolina,370582,2,2
North Carolina,370583,1,1
North Carolina,370584,1,2
North Carolina,370585,1,1
North Carolina,370586,2,5
North Carolina,370587,3,4
North Carolina,370588,2,2
North Carolina,370589,2,2
North Carolina,370590,1,1
North Carolina,370591,3,5
North Carolina,370592,2,3
North Carolina,370593,1,1
North Carolina,370594,1,1
North Carolina,370595,2,3
North Carolina,370596,2,5
North Carolina,370597,2,3
North Carolina,370598,1,1
North Carolina,370599,1,1
North Carolina,370600,2,2
North Carolina,370601,2,2
North Carolina,370602,3,3
North Carolina,370603,2,2
North Carolina,370604,1,1
North Carolina,370605,2,7
North Carolina,370606,1,1
North Carolina,370607,2,2
North Carolina,370608,1,1
North Carolina,370609,2,1
North Carolina,370610,2,6
North Carolina,370611,1,1
North Carolina,370612,1,1
North Carolina,370613,1,3
North Carolina,370614,1,1
North Carolina,370615,2,3
North Carolina,370616,1,1
North Carolina,370617,1,1
North Carolina,370618,1,1
North Carolina,370619,2,5
North Carolina,370620,1,2
North Carolina,370621,1,2
North Carolina,370622,2,4
North Carolina,370623,2,2
North Carolina,370624,2,3
North Carolina,370625,1,1
North Carolina,370626,2,4
North Carolina,370627,1,3
North Carolina,370628,1,1
North Carolina,370629,3,4
North Carolina,370630,3,8
North Carolina,370631,2,8
North Carolina,370632,1,1
North Carolina,370633,1,1
North Carolina,370634,1,1
North Carolina,370635,1,2
North Carolina,370636,2,2
North Carolina,370637,1,1
North Carolina,370638,1,1
North Carolina,370639,2,2
North Carolina,370640,2,2
North Carolina,370641,2,2
North Carolina,370642,2,2
North Carolina,370643,2,3
North Carolina,370644,1,1
North Carolina,370645,1,4
North Carolina,370646,2,4
North Carolina,370647,1,2
North Carolina,370648,1,3
North Carolina,370649,2,2
North Carolina,370650,1,1
North Carolina,370651,1,1
North Carolina,370652,1,1
North Carolina,370653,1,1
North Carolina,370654,2,3
North Carolina,370655,2,3
North Carolina,370656,1,1
North Carolina,370657,1,2
North Carolina,370658,1,1
North Carolina,370659,2,2
North Carolina,370660,1,1
North Carolina,370661,2,2
North Carolina,370662,1,1
North Carolina,370663,2,2
North Carolina,370664,1,1
North Carolina,370665,2,5
North Carolina,370666,2,2
North Carolina,370667,2,2
North Carolina,370668,3,3
North Carolina,370669,2,2
North Carolina,370670,2,3
North Carolina,370671,2,12
North Carolina,370672,2,2
North Carolina,370673,3,4
North Carolina,370674,1,1
North Carolina,370675,1,1
North Carolina,370676,2,2
North Carolina,370677,1,2
North Carolina,370678,1,1
North Carolina,370679,4,5
North Carolina,370680,1,1
North Carolina,370681,2,3
North Carolina,370682,2,3
North Carolina,370683,2,2
North Carolina,370684,1,2
North Carolina,370685,1,1
North Carolina,370686,1,1
North Carolina,370687,1,1
North Carolina,370688,1,1
North Carolina,370689,2,2
North Carolina,370690,2,3
North Carolina,370691,1,1
North Carolina,370692,2,3
North Carolina,370693,2,2
North Carolina,370694,3,10
North Carolina,370695,1,1
North Carolina,370696,1,1
North Carolina,370697,1,2
North Carolina,370698,2,3
North Carolina,370699,2,3
North Carolina,370700,1,1
North Carolina,370701,3,5
North Carolina,370702,2,2
North Carolina,370703,1,1
North Carolina,370704,1,1
North Carolina,370705,1,1
North Carolina,370706,1,1
North Carolina,370707,1,1
North Carolina,370708,1,1
North Carolina,370709,1,1
North Carolina,370710,2,2
North Carolina,370711,2,7
North Carolina,370712,2,6
North Carolina,370713,2,2
North Carolina,370714,1,1
North Carolina,370715,1,2
North Carolina,370716,1,1
North Carolina,370717,1,1
North Carolina,370718,1,1
North Carolina,370719,2,2
North Carolina,370720,1,1
North Carolina,370721,2,3
North Carolina,370722,1,4
North Carolina,370723,1,1
North Carolina,370724,1,1
North Carolina,370725,1,1
North Carolina,370726,2,3
North Carolina,370727,3,4
North Carolina,370728,2,2
North Carolina,370729,1,1
North Carolina,370730,2,2
North Carolina,370731,1,2
North Carolina,370732,2,4
North Carolina,370733,1,2
North Carolina,370734,1,2
North Carolina,370735,2,3
North Carolina,370736,1,1
North Carolina,370737,2,3
North Carolina,370738,1,1
North Carolina,370739,1,2
North Carolina,370740,1,1
North Carolina,370741,1,3
North Carolina,370742,2,3
North Carolina,370743,2,2
North Carolina,370744,1,2
North Carolina,370745,2,2
North Carolina,370746,1,1
North Carolina,370747,2,2
North Carolina,370748,1,1
North Carolina,370749,1,1
North Carolina,370750,1,1
North Carolina,370751,1,1
North Carolina,370752,1,1
North Carolina,370753,2,3
North Carolina,370754,1,1
North Carolina,370755,2,2
North Carolina,370756,2,2
North Carolina,370757,2,2
North Carolina,370758,1,1
North Carolina,370759,1,1
North Carolina,370760,2,2
North Carolina,370761,1,3
North Carolina,370762,1,1
North Carolina,370763,1,2
North Carolina,370764,1,1
North Carolina,370765,2,2
North Carolina,370766,1,1
North Carolina,370767,1,1
North Carolina,370768,2,3
North Carolina,370769,1,1
North Carolina,370770,2,2
North Carolina,370771,2,3
North Carolina,370772,2,3
North Carolina,370773,1,1
North Carolina,370774,1,1
North Carolina,370775,1,7
North Carolina,370776,1,2
North Carolina,370777,2,2
North Carolina,370778,1,1
North Carolina,370779,1,1
North Carolina,370780,1,1
North Carolina,370781,1,1
North Carolina,370782,2,2
North Carolina,370783,3,3
North Carolina,370784,1,2
North Carolina,370785,1,2
North Carolina,370786,1,1
North Carolina,370787,1,1
North Carolina,370788,1,1
North Carolina,370789,1,1
North Carolina,370790,2,3
North Carolina,370791,1,4
North Carolina,370792,2,3
North Carolina,370793,1,1
North Carolina,370794,1,1
North Carolina,370795,2,5
North Carolina,370796,1,1
North Carolina,370797,1,1
North Carolina,370798,2,2
North Carolina,370799,2,2
North Carolina,370800,1,1
North Carolina,370801,5,7
North Carolina,370802,1,2
North Carolina,370803,1,2
North Carolina,370804,1,4
North Carolina,370805,1,3
North Carolina,370806,2,4
North Carolina,370807,1,1
North Carolina,370808,1,1
North Carolina,370809,2,2
North Carolina,370810,1,1
North Carolina,370811,2,3
North Carolina,370812,1,2
North Carolina,370813,3,3
North Carolina,370814,2,2
North Carolina,370815,1,7
North Carolina,370816,1,1
North Carolina,370817,1,1
North Carolina,370818,1,1
North Carolina,370819,1,2
North Carolina,370820,2,2
North Carolina,370821,1,1
North Carolina,370822,1,1
North Carolina,370823,1,1
North Carolina,370824,2,3
North Carolina,370825,4,7
North Carolina,370826,2,3
North Carolina,370827,2,2
North Carolina,370828,1,1
North Carolina,370829,1,1
North Carolina,370830,2,2
North Carolina,370831,1,1
North Carolina,370832,1,1
North Carolina,370833,1,1
North Carolina,370834,2,2
North Carolina,370835,1,1
North Carolina,370836,1,2
North Carolina,370837,1,1
North Carolina,370838,7,8
North Carolina,370839,1,3
North Carolina,370840,1,1
North Carolina,370841,3,6
North Carolina,370842,1,2
North Carolina,370843,1,1
North Carolina,370844,2,7
North Carolina,370845,2,2
North Carolina,370846,1,1
North Carolina,370847,2,3
North Carolina,370848,2,5
North Carolina,370849,2,3
North Carolina,370850,1,1
North Carolina,370851,1,2
North Carolina,370852,1,1
North Carolina,370853,3,6
North Carolina,370854,1,1
North Carolina,370855,2,2
North Carolina,370856,3,5
North Carolina,370857,2,3
North Carolina,370858,1,3
North Carolina,370860,1,2
North Carolina,370861,2,2
North Carolina,370862,1,2
North Carolina,370863,1,1
North Carolina,370864,1,2
North Carolina,370865,1,1
North Carolina,370866,2,4
North Carolina,370867,2,2
North Carolina,370868,1,1
North Carolina,370869,1,1
North Carolina,370870,1,1
North Carolina,370871,1,1
North Carolina,370872,1,3
North Carolina,370873,1,1
North Carolina,370874,2,3
North Carolina,370875,1,1
North Carolina,370876,1,1
North Carolina,370877,2,2
North Carolina,370878,2,3
North Carolina,370879,2,3
North Carolina,370880,1,1
North Carolina,370881,2,2
North Carolina,370882,2,2
North Carolina,370883,1,1
North Carolina,370884,2,6
North Carolina,370885,1,1
North Carolina,370886,1,2
North Carolina,370887,2,2
North Carolina,370888,1,1
North Carolina,370889,1,1
North Carolina,370890,1,1
North Carolina,370891,1,1
North Carolina,370892,1,1
North Carolina,370893,1,2
North Carolina,370894,1,1
North Carolina,370895,2,2
North Carolina,370896,2,2
North Carolina,370897,2,4
North Carolina,370898,2,2
North Carolina,370899,2,2
North Carolina,370900,1,1
North Carolina,370901,1,1
North Carolina,370902,2,2
North Carolina,370903,2,2
North Carolina,370904,1,1
North Carolina,370905,1,1
North Carolina,370906,1,1
North Carolina,370907,2,6
North Carolina,370908,1,1
North Carolina,370909,1,2
North Carolina,370910,1,1
North Carolina,370911,6,10
North Carolina,370912,1,1
North Carolina,370913,2,3
North Carolina,370914,1,2
North Carolina,370915,2,2
North Carolina,370916,1,1
North Carolina,370917,1,1
North Carolina,370918,2,5
North Carolina,370919,2,2
North Carolina,370920,2,2
North Carolina,370921,1,1
North Carolina,370922,2,2
North Carolina,370923,1,1
North Carolina,370924,1,1
North Carolina,370925,1,1
North Carolina,370926,1,1
North Carolina,370927,1,1
North Carolina,370928,1,1
North Carolina,370929,1,1
North Carolina,370930,2,4
North Carolina,370931,3,4
North Carolina,370932,1,1
North Carolina,370933,2,2
North Carolina,370934,1,1
North Carolina,370935,1,1
North Carolina,370936,2,3
North Carolina,370937,3,4
North Carolina,370938,2,3
North Carolina,370939,2,2
North Carolina,370940,1,5
North Carolina,370941,1,1
North Carolina,370942,2,2
North Carolina,370943,1,1
North Carolina,370944,2,2
North Carolina,370945,1,1
North Carolina,370946,1,1
North Carolina,370947,2,4
North Carolina,370948,1,34
North Carolina,370949,3,4
North Carolina,370950,2,4
North Carolina,370951,1,1
North Carolina,370952,1,1
North Carolina,370953,3,6
North Carolina,370954,2,2
North Carolina,370955,2,2
North Carolina,370956,1,2
North Carolina,370957,1,1
North Carolina,370958,1,2
North Carolina,370959,1,3
North Carolina,370960,2,2
North Carolina,370961,1,1
North Carolina,370962,1,1
North Carolina,370963,1,1
North Carolina,370964,2,2
North Carolina,370965,2,2
North Carolina,370966,1,1
North Carolina,370967,1,1
North Carolina,370968,1,1
North Carolina,370969,1,1
North Carolina,370970,3,3
North Carolina,370971,2,2
North Carolina,370972,2,2
North Carolina,370973,1,2
North Carolina,370974,1,3
North Carolina,370975,1,1
North Carolina,370976,1,1
North Carolina,370977,2,1
North Carolina,370978,1,1
North Carolina,370979,1,2
North Carolina,370980,1,1
North Carolina,370981,2,3
North Carolina,370982,1,1
North Carolina,370983,1,1
North Carolina,370984,2,2
North Carolina,370985,2,2
North Carolina,370986,1,1
North Carolina,370987,2,3
North Carolina,370988,1,1
North Carolina,370989,1,3
North Carolina,370990,1,2
North Carolina,370991,2,5
North Carolina,370992,2,3
North Carolina,370993,2,5
North Carolina,370994,3,5
North Carolina,370995,2,2
North Carolina,370996,1,2
North Carolina,370997,2,2
North Carolina,370998,1,1
North Carolina,370999,2,2
North Carolina,371000,2,2
North Carolina,371001,1,1
North Carolina,371002,1,1
North Carolina,371003,2,2
North Carolina,371004,1,3
North Carolina,371005,1,1
North Carolina,371006,1,1
North Carolina,371007,1,2
North Carolina,371008,1,1
North Carolina,371009,1,1
North Carolina,371010,5,7
North Carolina,371011,1,2
North Carolina,371012,2,1
North Carolina,371013,2,2
North Carolina,371014,3,3
North Carolina,371015,2,3
North Carolina,371016,1,1
North Carolina,371017,2,3
North Carolina,371018,2,2
North Carolina,371019,2,4
North Carolina,371020,1,1
North Carolina,371021,1,2
North Carolina,371022,1,1
North Carolina,371023,1,1
North Carolina,371024,1,3
North Carolina,371025,1,1
North Carolina,371026,1,1
North Carolina,371027,1,1
North Carolina,371028,1,4
North Carolina,371029,2,3
North Carolina,371031,1,1
North Carolina,371032,2,3
North Carolina,371033,2,2
North Carolina,371034,2,2
North Carolina,371035,1,1
North Carolina,371036,2,6
North Carolina,371037,1,1
North Carolina,371038,2,5
North Carolina,371039,1,1
North Carolina,371040,1,1
North Carolina,371041,1,5
North Carolina,371042,9,1
North Carolina,371043,1,2
North Carolina,371044,2,2
North Carolina,371045,1,2
North Carolina,371046,2,2
North Carolina,371047,2,3
North Carolina,371048,1,1
North Carolina,371049,1,1
North Carolina,371050,3,4
North Carolina,371051,2,2
North Carolina,371052,2,2
North Carolina,371053,1,1
North Carolina,371054,1,1
North Carolina,371055,1,1
North Carolina,371056,1,1
North Carolina,371057,1,1
North Carolina,371058,1,1
North Carolina,371059,1,1
North Carolina,371060,2,2
North Carolina,371061,2,1
North Carolina,371062,1,1
North Carolina,371063,2,2
North Carolina,371064,2,3
North Carolina,371065,1,1
North Carolina,371066,1,1
North Carolina,371067,2,4
North Carolina,371068,2,3
North Carolina,371069,1,1
North Carolina,371070,2,1
North Carolina,371071,2,3
North Carolina,371072,2,2
North Carolina,371073,1,1
North Carolina,371074,2,4
North Carolina,371075,1,3
North Carolina,371076,2,2
North Carolina,371077,2,6
North Carolina,371078,2,2
North Carolina,371079,1,1
North Carolina,371080,1,2
North Carolina,371081,2,2
North Carolina,371082,1,1
North Carolina,371083,1,2
North Carolina,371084,1,1
North Carolina,371085,1,1
North Carolina,371086,4,5
North Carolina,371087,2,2
North Carolina,371088,1,1
North Carolina,371089,2,2
North Carolina,371090,1,2
North Carolina,371091,2,3
North Carolina,371092,1,1
North Carolina,371093,1,1
North Carolina,371094,2,4
North Carolina,371095,2,2
North Carolina,371096,2,4
North Carolina,371097,1,1
North Carolina,371098,1,1
North Carolina,371099,1,1
North Carolina,371100,2,3
North Carolina,371101,1,1
North Carolina,371102,1,1
North Carolina,371103,1,1
North Carolina,371104,1,1
North Carolina,371105,2,2
North Carolina,371106,2,3
North Carolina,371107,2,2
North Carolina,371108,1,1
North Carolina,371109,1,1
North Carolina,371110,2,2
North Carolina,371111,1,1
North Carolina,371112,3,3
North Carolina,371113,1,1
North Carolina,371114,2,8
North Carolina,371115,1,1
North Carolina,371116,1,1
North Carolina,371117,3,4
North Carolina,371118,1,1
North Carolina,371119,2,4
North Carolina,371120,1,1
North Carolina,371121,1,2
North Carolina,371122,1,1
North Carolina,371123,1,2
North Carolina,371124,2,2
North Carolina,371125,1,1
North Carolina,371126,1,1
North Carolina,371127,1,1
North Carolina,371128,2,2
North Carolina,371129,1,1
North Carolina,371130,6,7
North Carolina,371131,3,7
North Carolina,371132,1,1
North Carolina,371134,1,1
North Carolina,371135,2,3
North Carolina,371136,1,1
North Carolina,371137,1,1
North Carolina,371138,1,1
North Carolina,371139,1,1
North Carolina,371140,2,2
North Carolina,371141,1,1
North Carolina,371142,1,1
North Carolina,371143,3,5
North Carolina,371144,1,3
North Carolina,371145,2,5
North Carolina,371146,2,3
North Carolina,371147,2,3
North Carolina,371148,2,2
North Carolina,371150,1,1
North Carolina,371151,1,1
North Carolina,371152,1,1
North Carolina,371153,1,1
North Carolina,371154,1,2
North Carolina,371155,2,3
North Carolina,371156,1,2
North Carolina,371157,1,1
North Carolina,371158,1,1
North Carolina,371159,2,2
North Carolina,371160,2,2
North Carolina,371161,1,1
North Carolina,371162,1,2
North Carolina,371163,1,1
North Carolina,371164,1,1
North Carolina,371165,1,2
North Carolina,371166,1,1
North Carolina,371167,1,7
North Carolina,371168,1,1
North Carolina,371169,1,1
North Carolina,371170,2,2
North Carolina,371171,2,1
North Carolina,371172,1,1
North Carolina,371173,3,4
North Carolina,371174,1,3
North Carolina,371175,1,2
North Carolina,371176,1,1
North Carolina,371177,3,3
North Carolina,371178,1,1
North Carolina,371179,1,1
North Carolina,371180,1,1
North Carolina,371181,2,2
North Carolina,371182,1,1
North Carolina,371183,1,1
North Carolina,371184,1,1
North Carolina,371185,2,4
North Carolina,371186,1,1
North Carolina,371187,1,2
North Carolina,371188,3,3
North Carolina,371189,1,1
North Carolina,371190,1,1
North Carolina,371191,2,5
North Carolina,371192,2,5
North Carolina,371193,1,1
North Carolina,371194,2,2
North Carolina,371195,1,1
North Carolina,371196,2,2
North Carolina,371197,1,1
North Carolina,371198,2,4
North Carolina,371199,2,2
North Carolina,371200,1,2
North Carolina,371201,1,2
North Carolina,371202,2,2
North Carolina,371203,1,1
North Carolina,371204,2,5
North Carolina,371205,1,1
North Carolina,371206,2,2
North Carolina,371207,1,2
North Carolina,371208,2,2
North Carolina,371209,3,3
North Carolina,371210,1,1
North Carolina,371211,2,3
North Carolina,371212,2,0
North Carolina,371213,1,1
North Carolina,371214,2,5
North Carolina,371215,2,3
North Carolina,371216,2,2
North Carolina,371217,2,2
North Carolina,371218,1,1
North Carolina,371219,1,1
North Carolina,371220,2,3
North Carolina,371221,3,6
North Carolina,371222,2,2
North Carolina,371223,1,1
North Carolina,371224,2,2
North Carolina,371225,1,1
North Carolina,371226,2,3
North Carolina,371227,1,1
North Carolina,371228,1,1
North Carolina,371229,4,4
North Carolina,371230,1,1
North Carolina,371231,1,1
North Carolina,371232,1,4
North Carolina,371233,1,2
North Carolina,371234,1,1
North Carolina,371235,1,3
North Carolina,371236,2,2
North Carolina,371237,1,1
North Carolina,371238,3,3
North Carolina,371239,2,3
North Carolina,371240,1,1
North Carolina,371241,1,1
North Carolina,371242,2,6
North Carolina,371243,1,1
North Carolina,371244,2,5
North Carolina,371245,1,3
North Carolina,371246,2,2
North Carolina,371247,1,1
North Carolina,371248,2,5
North Carolina,371249,2,8
North Carolina,371250,2,3
North Carolina,371251,1,1
North Carolina,371252,1,1
North Carolina,371253,1,1
North Carolina,371254,1,1
North Carolina,371255,1,2
North Carolina,371256,2,1
North Carolina,371257,1,1
North Carolina,371258,1,2
North Carolina,371259,2,2
North Carolina,371260,1,1
North Carolina,371261,2,4
North Carolina,371262,2,3
North Carolina,371263,2,4
North Carolina,371264,2,2
North Carolina,371265,3,3
North Carolina,371266,2,2
North Carolina,371267,2,2
North Carolina,371268,2,5
North Carolina,371269,2,3
North Carolina,371270,1,6
North Carolina,371271,1,2
North Carolina,371272,1,1
North Carolina,371273,2,2
North Carolina,371274,1,1
North Carolina,371275,1,1
North Carolina,371276,2,3
North Carolina,371277,1,1
North Carolina,371278,3,3
North Carolina,371279,1,1
North Carolina,371280,1,1
North Carolina,371281,3,5
North Carolina,371282,1,1
North Carolina,371283,2,3
North Carolina,371284,1,1
North Carolina,371285,1,1
North Carolina,371286,1,1
North Carolina,371287,2,5
North Carolina,371288,2,2
North Carolina,371289,1,1
North Carolina,371290,1,4
North Carolina,371291,2,3
North Carolina,371292,1,1
North Carolina,371293,1,1
North Carolina,371294,1,3
North Carolina,371295,1,1
North Carolina,371296,1,1
North Carolina,371297,1,2
North Carolina,371298,2,3
North Carolina,371299,3,3
North Carolina,371300,1,1
North Carolina,371301,3,3
North Carolina,371302,1,1
North Carolina,371303,1,2
North Carolina,371304,1,1
North Carolina,371305,2,3
North Carolina,371306,1,5
North Carolina,371307,1,1
North Carolina,371308,1,1
North Carolina,371309,1,1
North Carolina,371310,3,2
North Carolina,371311,2,0
North Carolina,371312,1,1
North Carolina,371313,1,2
North Carolina,371314,1,1
North Carolina,371315,1,2
North Carolina,371316,1,1
North Carolina,371317,2,8
North Carolina,371318,1,2
North Carolina,371319,2,2
North Carolina,371320,1,1
North Carolina,371321,2,3
North Carolina,371322,2,3
North Carolina,371323,1,2
North Carolina,371324,1,1
North Carolina,371325,1,1
North Carolina,371326,2,2
North Carolina,371327,2,2
North Carolina,371328,2,3
North Carolina,371329,2,3
North Carolina,371330,1,2
North Carolina,371331,1,1
North Carolina,371332,1,1
North Carolina,371333,1,1
North Carolina,371334,1,1
North Carolina,371335,2,2
North Carolina,371336,1,1
North Carolina,371337,1,2
North Carolina,371338,2,2
North Carolina,371339,1,1
North Carolina,371340,3,4
North Carolina,371341,1,2
North Carolina,371342,2,1
North Carolina,371343,1,3
North Carolina,371344,2,2
North Carolina,371345,1,1
North Carolina,371346,2,3
North Carolina,371347,2,3
North Carolina,371348,1,2
North Carolina,371349,2,3
North Carolina,371350,1,1
North Carolina,371351,1,2
North Carolina,371352,1,1
North Carolina,371353,2,3
North Carolina,371354,2,2
North Carolina,371355,2,2
North Carolina,371356,2,9
North Carolina,371357,1,2
Virginia,510001,3,3
Virginia,510002,3,6
Virginia,510003,2,2
Virginia,510004,1,1
Virginia,510005,1,1
Virginia,510006,2,2
Virginia,510007,1,1
Virginia,510008,1,1
Virginia,510009,2,2
Virginia,510010,2,2
Virginia,510011,2,6
Virginia,510012,2,2
Virginia,510013,1,1
Virginia,510014,1,1
Virginia,510015,1,1
Virginia,510016,2,5
Virginia,510017,2,2
Virginia,510018,1,1
Virginia,510019,1,2
Virginia,510020,1,1
Virginia,510021,1,1
Virginia,510022,1,1
Virginia,510023,1,1
Virginia,510024,3,4
Virginia,510025,1,1
Virginia,510026,1,1
Virginia,510027,2,2
Virginia,510028,1,2
Virginia,510029,1,1
Virginia,510030,2,3
Virginia,510031,2,2
Virginia,510032,1,1
Virginia,510033,2,2
Virginia,510034,2,2
Virginia,510035,2,4
Virginia,510036,1,1
Virginia,510037,1,1
Virginia,510038,2,2
Virginia,510039,1,1
Virginia,510040,2,2
Virginia,510041,2,4
Virginia,510042,1,1
Virginia,510043,1,1
Virginia,510044,1,1
Virginia,510046,1,3
Virginia,510047,3,3
Virginia,510048,1,2
Virginia,510049,2,1
Virginia,510050,1,1
Virginia,510051,1,1
Virginia,510052,1,1
Virginia,510053,2,2
Virginia,510055,1,1
Virginia,510056,1,1
Virginia,510057,2,3
Virginia,510058,2,3
Virginia,510059,2,2
Virginia,510060,1,1
Virginia,510061,1,1
Virginia,510062,2,2
Virginia,510063,2,2
Virginia,510064,2,2
Virginia,510065,1,1
Virginia,510066,1,1
Virginia,510067,1,1
Virginia,510068,1,2
Virginia,510069,1,1
Virginia,510070,1,1
Virginia,510071,1,1
Virginia,510072,2,3
Virginia,510073,2,3
Virginia,510074,1,1
Virginia,510075,2,2
Virginia,510076,2,2
Virginia,510077,1,1
Virginia,510078,1,1
Virginia,510079,1,2
Virginia,510080,1,1
Virginia,510081,1,1
Virginia,510082,1,1
Virginia,510083,1,1
Virginia,510084,3,3
Virginia,510085,7,7
Virginia,510086,1,2
Virginia,510087,2,3
Virginia,510088,1,1
Virginia,510089,1,1
Virginia,510090,2,4
Virginia,510091,1,1
Virginia,510092,2,3
Virginia,510093,1,1
Virginia,510094,2,5
Virginia,510095,1,1
Virginia,510096,1,2
Virginia,510097,2,5
Virginia,510098,1,1
Virginia,510099,2,2
Virginia,510100,1,1
Virginia,510101,2,2
Virginia,510102,2,4
Virginia,510103,1,2
Virginia,510104,1,1
Virginia,510105,1,1
Virginia,510106,1,1
Virginia,510107,1,1
Virginia,510108,2,2
Virginia,510109,2,2
Virginia,510110,1,2
Virginia,510111,1,1
Virginia,510112,1,1
Virginia,510113,3,3
Virginia,510114,1,1
Virginia,510115,2,3
Virginia,510116,1,3
Virginia,510117,1,1
Virginia,510118,1,2
Virginia,510119,1,1
Virginia,510120,1,1
Virginia,510121,1,1
Virginia,510122,2,2
Virginia,510123,1,1
Virginia,510124,2,2
Virginia,510125,2,2
Virginia,510126,2,2
Virginia,510127,2,2
Virginia,510128,1,3
Virginia,510129,1,1
Virginia,510130,1,1
Virginia,510131,1,1
Virginia,510132,3,3
Virginia,510133,2,3
Virginia,510134,1,5
Virginia,510135,2,2
Virginia,510136,1,1
Virginia,510137,2,1
Virginia,510138,2,2
Virginia,510139,1,1
Virginia,510141,1,1
Virginia,510142,1,1
Virginia,510143,1,1
Virginia,510144,2,2
Virginia,510145,3,1
Virginia,510146,1,1
Virginia,510147,1,1
Virginia,510148,1,1
Virginia,510149,1,1
Virginia,510150,2,2
Virginia,510151,1,2
Virginia,510152,1,1
Virginia,510153,2,5
Virginia,510154,1,1
Virginia,510155,1,1
Virginia,510156,1,2
Virginia,510157,1,2
Virginia,510158,2,2
Virginia,510159,2,4
Virginia,510160,1,1
Virginia,510161,2,2
Virginia,510162,1,1
Virginia,510163,2,2
Virginia,510164,2,3
Virginia,510165,1,1
Virginia,510166,1,1
Virginia,510167,1,3
Virginia,510168,1,1
Virginia,510169,1,1
Virginia,510170,1,1
Virginia,510171,2,2
Virginia,510172,2,2
Virginia,510173,1,1
Virginia,510174,1,2
Virginia,510175,1,2
Virginia,510176,2,2
Virginia,510177,2,3
Virginia,510178,1,1
Virginia,510179,2,3
Virginia,510180,2,2
Virginia,510181,1,1
Virginia,510182,2,2
Virginia,510183,3,4
Virginia,510184,1,1
Virginia,510185,2,3
Virginia,510186,1,1
Virginia,510187,2,6
Virginia,510188,1,1
Virginia,510189,1,1
Virginia,510190,1,2
Virginia,510191,1,1
Virginia,510193,2,3
Virginia,510194,2,2
Virginia,510195,1,2
Virginia,510196,2,5
Virginia,510197,1,1
Virginia,510198,1,2
Virginia,510199,1,1
Virginia,510200,1,1
Virginia,510201,2,2
Virginia,510202,2,2
Virginia,510203,1,1
Virginia,510204,1,6
Virginia,510205,2,3
Virginia,510206,2,2
Virginia,510207,1,1
Virginia,510208,1,2
Virginia,510209,2,2
Virginia,510210,1,1
Virginia,510211,1,5
Virginia,510212,1,1
Virginia,510213,1,1
Virginia,510214,1,1
Virginia,510215,1,1
Virginia,510216,2,3
Virginia,510217,2,2
Virginia,510218,1,1
Virginia,510219,1,1
Virginia,510220,1,1
Virginia,510221,2,2
Virginia,510222,4,6
Virginia,510223,2,2
Virginia,510224,1,1
Virginia,510225,1,3
Virginia,510226,1,3
Virginia,510227,1,1
Virginia,510228,2,3
Virginia,510229,1,1
Virginia,510230,1,1
Virginia,510231,1,2
Virginia,510232,1,1
Virginia,510233,1,1
Virginia,510234,1,2
Virginia,510235,1,1
Virginia,510236,1,1
Virginia,510237,2,3
Virginia,510238,2,4
Virginia,510239,1,1
Virginia,510240,1,1
Virginia,510241,1,1
Virginia,510242,1,1
Virginia,510243,1,1
Virginia,510244,1,1
Virginia,510245,1,1
Virginia,510246,1,1
Virginia,510247,1,1
Virginia,510248,2,2
Virginia,510249,1,1
Virginia,510250,2,2
Virginia,510251,1,1
Virginia,510252,2,2
Virginia,510253,2,3
Virginia,510254,1,2
Virginia,510255,2,2
Virginia,510256,1,1
Virginia,510257,1,2
Virginia,510258,1,4
Virginia,510259,1,4
Virginia,510260,3,6
Virginia,510261,1,2
Virginia,510262,2,3
Virginia,510263,1,1
Virginia,510264,1,1
Virginia,510265,1,1
Virginia,510266,1,1
Virginia,510267,2,2
Virginia,510268,1,1
Virginia,510269,1,1
Virginia,510270,1,1
Virginia,510271,2,2
Virginia,510272,1,1
Virginia,510273,2,2
Virginia,510274,3,6
Virginia,510275,2,3
Virginia,510276,2,2
Virginia,510277,1,1
Virginia,510278,2,3
Virginia,510279,2,2
Virginia,510280,2,2
Virginia,510281,1,1
Virginia,510282,1,1
Virginia,510283,1,1
Virginia,510284,1,1
Virginia,510285,2,2
Virginia,510286,1,2
Virginia,510287,2,2
Virginia,510288,2,3
Virginia,510289,1,1
Virginia,510290,1,1
Virginia,510291,1,1
Virginia,510292,2,4
Virginia,510293,2,2
Virginia,510294,2,3
Virginia,510295,3,4
Virginia,510296,2,2
Virginia,510297,2,4
Virginia,510298,2,17
Virginia,510299,2,2
Virginia,510300,1,1
Virginia,510301,1,1
Virginia,510302,4,4
Virginia,510303,1,3
Virginia,510304,2,4
Virginia,510305,1,1
Virginia,510306,4,4
Virginia,510307,1,1
Virginia,510308,1,1
Virginia,510309,1,1
Virginia,510310,1,1
Virginia,510311,1,1
Virginia,510312,2,3
Virginia,510313,3,3
Virginia,510314,1,3
Virginia,510315,2,2
Virginia,510316,1,1
Virginia,510317,1,1
Virginia,510318,1,2
Virginia,510319,2,1
Virginia,510320,1,1
Virginia,510321,1,1
Virginia,510322,1,1
Virginia,510323,2,2
Virginia,510324,1,1
Virginia,510325,2,5
Virginia,510326,3,3
Virginia,510327,2,3
Virginia,510328,1,1
Virginia,510329,1,1
Virginia,510330,2,2
Virginia,510331,1,1
Virginia,510332,1,1
Virginia,510333,2,2
Virginia,510334,1,1
Virginia,510335,1,1
Virginia,510336,1,1
Virginia,510337,1,1
Virginia,510338,1,1
Virginia,510339,2,4
Virginia,510340,1,1
Virginia,510341,1,1
Virginia,510342,1,1
Virginia,510343,1,1
Virginia,510344,2,3
Virginia,510345,1,3
Virginia,510346,2,2
Virginia,510347,2,2
Virginia,510348,1,2
Virginia,510349,1,2
Virginia,510350,1,1
Virginia,510351,1,1
Virginia,510352,3,4
Virginia,510353,1,1
Virginia,510354,4,7
Virginia,510355,1,3
Virginia,510356,1,2
Virginia,510357,1,1
Virginia,510358,1,1
Virginia,510359,1,1
Virginia,510360,1,1
Virginia,510361,1,1
Virginia,510362,1,2
Virginia,510363,1,1
Virginia,510364,3,3
Virginia,510365,1,2
Virginia,510366,1,2
Virginia,510367,2,2
Virginia,510368,3,5
Virginia,510369,2,2
Virginia,510370,1,1
Virginia,510371,1,1
Virginia,510372,1,1
Virginia,510373,1,1
Virginia,510374,2,2
Virginia,510375,3,3
Virginia,510376,2,4
Virginia,510377,1,2
Virginia,510378,1,2
Virginia,510379,2,2
Virginia,510380,2,2
Virginia,510381,2,3
Virginia,510382,1,1
Virginia,510383,1,1
Virginia,510384,2,2
Virginia,510385,1,1
Virginia,510386,1,1
Virginia,510387,2,2
Virginia,510388,1,3
Virginia,510389,2,2
Virginia,510390,2,2
Virginia,510391,2,3
Virginia,510392,2,4
Virginia,510393,2,2
Virginia,510394,1,1
Virginia,510395,1,1
Virginia,510396,1,1
Virginia,510397,2,7
Virginia,510398,1,2
Virginia,510399,1,1
Virginia,510400,4,8
Virginia,510401,1,1
Virginia,510402,1,1
Virginia,510403,2,3
Virginia,510404,1,1
Virginia,510405,1,1
Virginia,510406,2,2
Virginia,510407,2,2
Virginia,510408,2,2
Virginia,510409,2,2
Virginia,510410,8,16
Virginia,510411,1,1
Virginia,510412,1,2
Virginia,510413,1,2
Virginia,510414,1,1
Virginia,510415,1,2
Virginia,510416,1,1
Virginia,510417,2,4
Virginia,510418,1,2
Virginia,510419,1,1
Virginia,510420,3,3
Virginia,510421,2,5
Virginia,510422,3,3
Virginia,510424,1,1
Virginia,510425,3,5
Virginia,510426,1,1
Virginia,510427,2,2
Virginia,510428,1,2
Virginia,510429,1,1
Virginia,510430,1,1
Virginia,510431,1,1
Virginia,510432,1,1
Virginia,510433,1,1
Virginia,510434,3,4
Virginia,510435,1,1
Virginia,510436,2,1
Virginia,510437,1,1
Virginia,510438,2,2
Virginia,510439,1,1
Virginia,510440,1,1
Virginia,510441,1,2
Virginia,510442,1,2
Virginia,510443,2,3
Virginia,510444,2,4
Virginia,510445,1,1
Virginia,510446,2,1
Virginia,510447,1,1
Virginia,510448,1,1
Virginia,510449,1,1
Virginia,510450,2,0
Virginia,510451,1,1
Virginia,510452,2,2
Virginia,510453,1,1
Virginia,510454,4,4
Virginia,510455,2,3
Virginia,510456,2,2
Virginia,510457,1,1
Virginia,510458,1,2
Virginia,510459,2,3
Virginia,510460,2,6
Virginia,510461,1,1
Virginia,510462,1,4
Virginia,510463,1,1
Virginia,510464,2,2
Virginia,510465,1,4
Virginia,510466,1,2
Virginia,510467,1,1
Virginia,510468,1,1
Virginia,510469,1,1
Virginia,510470,1,5
Virginia,510471,2,4
Virginia,510472,1,1
Virginia,510473,1,1
Virginia,510474,1,1
Virginia,510475,2,7
Virginia,510476,1,2
Virginia,510477,1,3
Virginia,510478,1,1
Virginia,510479,2,2
Virginia,510480,1,2
Virginia,510481,1,3
Virginia,510482,2,2
Virginia,510483,2,2
Virginia,510484,2,2
Virginia,510485,1,1
Virginia,510486,1,2
Virginia,510487,1,1
Virginia,510488,1,2
Virginia,510489,2,2
Virginia,510490,2,6
Virginia,510491,1,1
Virginia,510492,1,1
Virginia,510493,3,3
Virginia,510494,1,1
Virginia,510495,1,1
Virginia,510496,2,2
Virginia,510497,1,1
Virginia,510498,1,2
Virginia,510499,2,2
Virginia,510500,2,2
Virginia,510501,2,3
Virginia,510502,2,2
Virginia,510503,2,6
Virginia,510504,2,2
Virginia,510505,1,1
Virginia,510506,2,2
Virginia,510507,1,2
Virginia,510508,1,1
Virginia,510510,1,2
Virginia,510511,1,1
Virginia,510512,2,2
Virginia,510513,1,1
Virginia,510514,2,2
Virginia,510515,2,2
Virginia,510516,1,1
Virginia,510517,1,1
Virginia,510518,1,1
Virginia,510519,1,1
Virginia,510520,2,6
Virginia,510521,2,2
Virginia,510522,3,3
Virginia,510523,2,2
Virginia,510524,1,1
Virginia,510525,2,1
Virginia,510526,1,1
Virginia,510527,2,2
Virginia,510528,1,3
Virginia,510529,1,1
Virginia,510530,2,2
Virginia,510531,2,2
Virginia,510532,1,1
Virginia,510533,1,1
Virginia,510534,1,1
Virginia,510535,1,1
Virginia,510536,1,2
Virginia,510537,1,1
Virginia,510538,1,1
Virginia,510539,1,1
Virginia,510540,1,1
Virginia,510541,2,2
Virginia,510542,1,1
Virginia,510543,2,4
Virginia,510544,1,1
Virginia,510545,1,2
Virginia,510546,3,5
Virginia,510547,1,1
Virginia,510548,1,1
Virginia,510549,1,1
Virginia,510550,1,1
Virginia,510551,1,1
Virginia,510552,2,2
Virginia,510553,3,3
Virginia,510554,1,1
Virginia,510555,1,1
Virginia,510556,1,2
Virginia,510557,1,1
Virginia,510558,2,6
Virginia,510559,1,4
Virginia,510560,1,2
Virginia,510561,1,2
Virginia,510562,1,1
Virginia,510563,1,1
Virginia,510564,1,1
Virginia,510565,2,2
Virginia,510566,3,3
Virginia,510567,1,1
Virginia,510568,1,1
Virginia,510569,1,1
Virginia,510570,1,4
Virginia,510571,1,1
Virginia,510572,2,2
Virginia,510573,1,1
Virginia,510574,4,6
Virginia,510575,1,2
Virginia,510576,1,2
Virginia,510577,4,6
Virginia,510578,2,2
Virginia,510579,1,1
Virginia,510580,1,1
Virginia,510581,1,1
Virginia,510582,2,2
Virginia,510583,1,1
Virginia,510584,4,4
Virginia,510585,1,1
Virginia,510586,1,2
Virginia,510587,1,1
Virginia,510588,1,3
Virginia,510589,2,2
Virginia,510590,1,1
Virginia,510591,1,1
Virginia,510592,1,4
Virginia,510593,2,6
Virginia,510594,1,2
Virginia,510595,2,4
Virginia,510596,2,2
Virginia,510597,1,2
Virginia,510598,2,2
Virginia,510599,1,1
Virginia,510600,1,1
Virginia,510601,2,2
Virginia,510602,2,3
Virginia,510603,1,1
Virginia,510604,1,1
Virginia,510605,3,3
Virginia,510606,1,1
Virginia,510607,1,2
Virginia,510608,1,1
Virginia,510609,2,7
Virginia,510610,1,1
Virginia,510611,2,4
Virginia,510612,2,7
Virginia,510613,1,2
Virginia,510614,1,1
Virginia,510615,1,1
Virginia,510616,2,3
Virginia,510617,1,1
Virginia,510618,1,2
Virginia,510619,1,1
Virginia,510620,2,2
Virginia,510621,1,2
Virginia,510622,2,6
Virginia,510623,1,3
Virginia,510624,1,1
Virginia,510625,2,2
Virginia,510626,2,2
Virginia,510627,2,10
Virginia,510628,2,2
Virginia,510629,1,1
Virginia,510630,1,1
Virginia,510631,2,3
Virginia,510632,1,1
Virginia,510633,1,2
Virginia,510634,1,1
Virginia,510635,1,1
Virginia,510636,2,2
Virginia,510637,2,3
Virginia,510638,1,1
Virginia,510639,1,1
Virginia,510640,2,2
Virginia,510641,2,2
Virginia,510642,2,2
Virginia,510643,1,2
Virginia,510644,3,6
Virginia,510645,1,1
Virginia,510646,1,1
Virginia,510647,1,1
Virginia,510648,3,4
Virginia,510649,1,4
Virginia,510650,1,2
Virginia,510651,1,1
Virginia,510652,3,3
Virginia,510653,1,1
Virginia,510654,1,1
Virginia,510655,2,2
Virginia,510656,1,2
Virginia,510657,1,4
Virginia,510658,1,2
Virginia,510659,1,1
Virginia,510660,2,3
Virginia,510661,3,4
Virginia,510662,3,4
Virginia,510663,1,1
Virginia,510664,1,1
Virginia,510665,1,1
Virginia,510666,1,1
Virginia,510667,3,6
Virginia,510668,2,5
Virginia,510669,1,1
Virginia,510670,1,1
Virginia,510671,1,1
Virginia,510672,1,1
Virginia,510673,1,1
Virginia,510674,2,2
Virginia,510675,2,5
Virginia,510676,1,1
Virginia,510677,1,1
Virginia,510678,1,1
Virginia,510679,1,1
Virginia,510680,1,3
Virginia,510681,1,1
Virginia,510682,2,4
Virginia,510683,1,1
Virginia,510684,1,1
Virginia,510685,1,1
Virginia,510686,1,1
Virginia,510687,1,1
Virginia,510688,1,2
Virginia,510689,2,5
Virginia,510690,1,1
Virginia,510691,1,1
Virginia,510692,1,1
Virginia,510693,2,1
Virginia,510694,1,2
Virginia,510695,1,1
Virginia,510696,2,4
Virginia,510697,3,4
Virginia,510698,1,2
Virginia,510699,1,1
Virginia,510700,2,2
Virginia,510701,1,1
Virginia,510702,1,2
Virginia,510703,1,3
Virginia,510704,2,3
Virginia,510705,2,2
Virginia,510706,1,1
Virginia,510707,1,1
Virginia,510708,1,1
Virginia,510709,2,2
Virginia,510710,1,1
Virginia,510711,1,2
Virginia,510712,1,1
Virginia,510713,2,2
Virginia,510714,1,1
Virginia,510715,1,1
Virginia,510716,1,1
Virginia,510717,1,5
Virginia,510718,1,1
Virginia,510719,1,1
Virginia,510720,1,1
Virginia,510721,2,2
Virginia,510722,1,1
Virginia,510723,1,1
Virginia,510724,1,4
Virginia,510725,1,1
Virginia,510726,1,1
Virginia,510727,1,1
Virginia,510728,2,2
West Virginia,540001,1,1
West Virginia,540002,1,1
West Virginia,540003,1,1
West Virginia,540004,1,1
West Virginia,540005,2,2
West Virginia,540006,1,2
West Virginia,540007,3,5
West Virginia,540008,1,1
West Virginia,540009,1,1
West Virginia,540010,1,1
West Virginia,540011,2,2
West Virginia,540012,2,3
West Virginia,540014,1,2
West Virginia,540016,1,1
West Virginia,540017,1,1
West Virginia,540018,1,1
West Virginia,540019,2,2
West Virginia,540020,1,1
West Virginia,540021,1,1
West Virginia,540022,2,2
West Virginia,540023,1,1
West Virginia,540024,4,5
West Virginia,540025,1,1
West Virginia,540026,1,1
West Virginia,540027,2,3
West Virginia,540028,1,1
West Virginia,540029,1,1
West Virginia,540030,1,1
West Virginia,540031,1,1
West Virginia,540032,2,3
West Virginia,540033,2,2
West Virginia,540034,2,5
West Virginia,540035,2,3
West Virginia,540036,3,5
West Virginia,540037,2,3
West Virginia,540038,1,4
West Virginia,540039,1,3
West Virginia,540040,1,1
West Virginia,540041,2,3
West Virginia,540042,2,5
West Virginia,540043,2,4
West Virginia,540044,1,1
West Virginia,540045,1,3
West Virginia,540046,2,3
West Virginia,540047,2,5
West Virginia,540048,2,2
West Virginia,540049,1,1
West Virginia,540050,2,9
West Virginia,540051,1,1
West Virginia,540052,1,1
West Virginia,540053,1,1
West Virginia,540054,1,2
West Virginia,540055,2,2
West Virginia,540056,1,1
West Virginia,540057,1,1
West Virginia,540058,1,1
West Virginia,540059,1,1
West Virginia,540060,1,2
West Virginia,540061,1,1
West Virginia,540062,2,3
West Virginia,540063,1,1
West Virginia,540064,1,2
West Virginia,540065,1,5
West Virginia,540066,1,2
West Virginia,540067,2,2
West Virginia,540068,2,2
West Virginia,540069,2,2
West Virginia,540070,2,1
West Virginia,540071,1,3
West Virginia,540072,1,1
West Virginia,540073,1,1
West Virginia,540074,1,1
West Virginia,540075,1,3
West Virginia,540076,1,1
West Virginia,540077,1,1
West Virginia,540078,1,1
West Virginia,540079,2,2
West Virginia,540080,1,2
West Virginia,540081,2,2
West Virginia,540082,2,2
West Virginia,540083,1,1
West Virginia,540084,1,1
West Virginia,540085,2,2
West Virginia,540086,1,1
West Virginia,540087,1,1
West Virginia,540088,1,1
West Virginia,540089,1,2
West Virginia,540090,1,1
West Virginia,540091,1,3
West Virginia,540092,1,1
West Virginia,540093,1,2
West Virginia,540094,1,1
West Virginia,540095,1,2
West Virginia,540096,1,1
West Virginia,540097,1,2
West Virginia,540098,1,1
West Virginia,540099,1,1
West Virginia,540100,2,3
West Virginia,540101,2,3
West Virginia,540102,2,3
West Virginia,540103,2,2
West Virginia,540104,1,1
West Virginia,540105,2,2
West Virginia,540106,3,4
West Virginia,540107,1,1
West Virginia,540108,1,2
West Virginia,540109,2,4
West Virginia,540110,2,5
West Virginia,540111,1,2
West Virginia,540112,1,2
West Virginia,540113,1,4
West Virginia,540114,1,1
West Virginia,540115,2,4
West Virginia,540116,1,1
West Virginia,540117,1,1
West Virginia,540118,1,1
West Virginia,540119,2,3
West Virginia,540120,1,1
West Virginia,540121,1,2
West Virginia,540122,2,2
West Virginia,540123,1,1
West Virginia,540124,2,4
West Virginia,540125,2,3
West Virginia,540126,1,1
West Virginia,540127,1,2
West Virginia,540128,1,1
West Virginia,540129,1,1
West Virginia,540130,1,2
West Virginia,540131,1,1
West Virginia,540132,1,3
West Virginia,540133,1,2
West Virginia,540134,1,1
West Virginia,540135,1,1
West Virginia,540136,1,1
West Virginia,540137,1,1
West Virginia,540138,1,1
West Virginia,540139,1,2
West Virginia,540140,1,1
West Virginia,540141,1,1
West Virginia,540142,1,1
West Virginia,540143,1,1
West Virginia,540144,1,1
West Virginia,540145,1,1
West Virginia,540146,1,5
West Virginia,540147,2,3
West Virginia,540148,2,3
West Virginia,540149,2,2
West Virginia,540150,2,6
West Virginia,540151,1,1
West Virginia,540152,1,1
West Virginia,540153,1,1
West Virginia,540154,1,1
West Virginia,540155,1,1
West Virginia,540156,1,1
West Virginia,540157,1,2
West Virginia,540158,1,4
West Virginia,540159,1,1
West Virginia,540160,1,1
West Virginia,540161,1,2
West Virginia,540162,1,1
West Virginia,540163,1,2
West Virginia,540164,1,1
West Virginia,540165,1,1
West Virginia,540166,1,3
West Virginia,540167,4,2
West Virginia,540168,6,10
West Virginia,540169,2,2
West Virginia,540170,2,3
West Virginia,540171,2,2
West Virginia,540172,1,1
West Virginia,540173,1,1
West Virginia,540174,2,2
West Virginia,540175,2,8
West Virginia,540176,2,3
West Virginia,540177,2,2
West Virginia,540178,2,2
West Virginia,540179,2,2
West Virginia,540180,2,2
West Virginia,540181,2,3
West Virginia,540182,2,2
West Virginia,540183,4,2
West Virginia,540184,2,3
West Virginia,540185,4,4
West Virginia,540186,1,1
West Virginia,540187,1,1
West Virginia,540188,1,1
West Virginia,540189,1,2
West Virginia,540190,1,1
West Virginia,540191,1,2
West Virginia,540192,1,1
West Virginia,540193,1,2
West Virginia,540194,1,3
West Virginia,540195,1,1
West Virginia,540196,1,1
West Virginia,540197,1,1
West Virginia,540198,1,1
West Virginia,540199,1,3
West Virginia,540200,2,3
West Virginia,540201,2,4
West Virginia,540202,2,4
West Virginia,540203,1,1
West Virginia,540204,1,1
West Virginia,540205,2,2
West Virginia,540206,2,3
West Virginia,540207,2,3
West Virginia,540208,4,4
West Virginia,540209,2,4
West Virginia,540210,2,2
West Virginia,540212,12,12
West Virginia,540213,1,1
West Virginia,540214,1,3
West Virginia,540215,1,1
West Virginia,540216,1,1
West Virginia,540217,1,1
West Virginia,540218,1,1
West Virginia,540219,1,1
West Virginia,540220,1,1
West Virginia,540221,2,3
West Virginia,540222,2,3
West Virginia,540223,2,2
West Virginia,540224,2,4
West Virginia,540225,2,2
West Virginia,540226,2,2
West Virginia,540227,2,2
West Virginia,540228,2,4
West Virginia,540229,1,1
West Virginia,540230,1,1
West Virginia,540231,1,1
West Virginia,540232,1,1
West Virginia,540233,1,3
West Virginia,540234,1,1
West Virginia,540236,1,1
West Virginia,540237,2,1
West Virginia,540238,2,2
West Virginia,540239,2,4
West Virginia,540240,1,2
West Virginia,540241,2,4
West Virginia,540242,1,1
West Virginia,540243,2,7
West Virginia,540244,1,1
West Virginia,540245,1,1
West Virginia,540246,1,3
West Virginia,540247,1,1
West Virginia,540248,2,3
West Virginia,540249,1,1
West Virginia,540250,1,3
West Virginia,540251,1,1
West Virginia,540252,2,3
West Virginia,540253,2,2
West Virginia,540254,1,1
